Team Name,Image Link
Gonzaga,https://secure.espncdn.com/combiner/i?img=/i/teamlogos/ncaa/500/2250.png
Georgia State,https://secure.espncdn.com/combiner/i?img=/i/teamlogos/ncaa/500/2247.png
Boise State,https://secure.espncdn.com/combiner/i?img=/i/teamlogos/ncaa/500/68.png
Memphis,https://secure.espncdn.com/combiner/i?img=/i/teamlogos/ncaa/500/235.png
UConn,https://secure.espncdn.com/combiner/i?img=/i/teamlogos/ncaa/500/41.png
New Mexico St,https://secure.espncdn.com/combiner/i?img=/i/teamlogos/ncaa/500/166.png
Arkansas,https://secure.espncdn.com/combiner/i?img=/i/teamlogos/ncaa/500/8.png
Vermont,https://secure.espncdn.com/combiner/i?img=/i/teamlogos/ncaa/500/261.png
Alabama,https://secure.espncdn.com/combiner/i?img=/i/teamlogos/ncaa/500/333.png
Notre Dame,https://secure.espncdn.com/combiner/i?img=/i/teamlogos/ncaa/500/87.png
Texas Tech,https://secure.espncdn.com/combiner/i?img=/i/teamlogos/ncaa/500/2641.png
Montana State,https://secure.espncdn.com/combiner/i?img=/i/teamlogos/ncaa/500/147.png
Michigan State,https://secure.espncdn.com/combiner/i?img=/i/teamlogos/ncaa/500/127.png
Davidson,https://secure.espncdn.com/combiner/i?img=/i/teamlogos/ncaa/500/2166.png
Duke,https://secure.espncdn.com/combiner/i?img=/i/teamlogos/ncaa/500/150.png
CSU Fullerton,https://secure.espncdn.com/combiner/i?img=/i/teamlogos/ncaa/500/2239.png
Baylor,https://secure.espncdn.com/combiner/i?img=/i/teamlogos/ncaa/500/239.png
Norfolk State,https://secure.espncdn.com/combiner/i?img=/i/teamlogos/ncaa/500/2450.png
North Carolina,https://secure.espncdn.com/combiner/i?img=/i/teamlogos/ncaa/500/153.png
Marquette,https://secure.espncdn.com/combiner/i?img=/i/teamlogos/ncaa/500/269.png
Saint Mary's,https://secure.espncdn.com/combiner/i?img=/i/teamlogos/ncaa/500/2608.png
Indiana,https://secure.espncdn.com/combiner/i?img=/i/teamlogos/ncaa/500/84.png
UCLA,https://secure.espncdn.com/combiner/i?img=/i/teamlogos/ncaa/500/26.png
Akron,https://secure.espncdn.com/combiner/i?img=/i/teamlogos/ncaa/500/2006.png
Texas,https://secure.espncdn.com/combiner/i?img=/i/teamlogos/ncaa/500/251.png
Virginia Tech,https://secure.espncdn.com/combiner/i?img=/i/teamlogos/ncaa/500/259.png
Purdue,https://secure.espncdn.com/combiner/i?img=/i/teamlogos/ncaa/500/2509.png
Yale,https://secure.espncdn.com/combiner/i?img=/i/teamlogos/ncaa/500/43.png
Murray State,https://secure.espncdn.com/combiner/i?img=/i/teamlogos/ncaa/500/93.png
San Francisco,https://secure.espncdn.com/combiner/i?img=/i/teamlogos/ncaa/500/2539.png
Kentucky,https://secure.espncdn.com/combiner/i?img=/i/teamlogos/ncaa/500/96.png
Saint Peter's,https://secure.espncdn.com/combiner/i?img=/i/teamlogos/ncaa/500/2612.png
Arizona,https://secure.espncdn.com/combiner/i?img=/i/teamlogos/ncaa/500/12.png
Wright State,https://secure.espncdn.com/combiner/i?img=/i/teamlogos/ncaa/500/2750.png
Seton Hall,https://secure.espncdn.com/combiner/i?img=/i/teamlogos/ncaa/500/2550.png
TCU,https://secure.espncdn.com/combiner/i?img=/i/teamlogos/ncaa/500/2628.png
Houston,https://secure.espncdn.com/combiner/i?img=/i/teamlogos/ncaa/500/248.png
UAB,https://secure.espncdn.com/combiner/i?img=/i/teamlogos/ncaa/500/5.png
Illinois,https://secure.espncdn.com/combiner/i?img=/i/teamlogos/ncaa/500/356.png
Chattanooga,https://secure.espncdn.com/combiner/i?img=/i/teamlogos/ncaa/500/236.png
Colorado State,https://secure.espncdn.com/combiner/i?img=/i/teamlogos/ncaa/500/36.png
Michigan,https://secure.espncdn.com/combiner/i?img=/i/teamlogos/ncaa/500/130.png
Tennessee,https://secure.espncdn.com/combiner/i?img=/i/teamlogos/ncaa/500/2633.png
Longwood,https://secure.espncdn.com/combiner/i?img=/i/teamlogos/ncaa/500/2344.png
Ohio State,https://secure.espncdn.com/combiner/i?img=/i/teamlogos/ncaa/500/194.png
Loyola Chicago,https://secure.espncdn.com/combiner/i?img=/i/teamlogos/ncaa/500/2350.png
Villanova,https://secure.espncdn.com/combiner/i?img=/i/teamlogos/ncaa/500/222.png
Delaware,https://secure.espncdn.com/combiner/i?img=/i/teamlogos/ncaa/500/48.png
Kansas,https://secure.espncdn.com/combiner/i?img=/i/teamlogos/ncaa/500/2305.png
Texas Southern,https://secure.espncdn.com/combiner/i?img=/i/teamlogos/ncaa/500/2640.png
San Diego State,https://secure.espncdn.com/combiner/i?img=/i/teamlogos/ncaa/500/21.png
Creighton,https://secure.espncdn.com/combiner/i?img=/i/teamlogos/ncaa/500/156.png
Iowa,https://secure.espncdn.com/combiner/i?img=/i/teamlogos/ncaa/500/2294.png
Richmond,https://secure.espncdn.com/combiner/i?img=/i/teamlogos/ncaa/500/257.png
Providence,https://secure.espncdn.com/combiner/i?img=/i/teamlogos/ncaa/500/2507.png
S Dakota St,https://secure.espncdn.com/combiner/i?img=/i/teamlogos/ncaa/500/2571.png
LSU,https://secure.espncdn.com/combiner/i?img=/i/teamlogos/ncaa/500/99.png
Iowa State,https://secure.espncdn.com/combiner/i?img=/i/teamlogos/ncaa/500/66.png
Wisconsin,https://secure.espncdn.com/combiner/i?img=/i/teamlogos/ncaa/500/275.png
Colgate,https://secure.espncdn.com/combiner/i?img=/i/teamlogos/ncaa/500/2142.png
USC,https://secure.espncdn.com/combiner/i?img=/i/teamlogos/ncaa/500/30.png
Miami,https://secure.espncdn.com/combiner/i?img=/i/teamlogos/ncaa/500/2390.png
Auburn,https://secure.espncdn.com/combiner/i?img=/i/teamlogos/ncaa/500/2.png
J'Ville St,https://secure.espncdn.com/combiner/i?img=/i/teamlogos/ncaa/500/55.png